Vendor_ID,Vendor_Name,Location
90176,Jackson LLC,Scarborough
92758,"Shepherd, Schultz and Edwards",Casa Loma
64020,Williams Inc,Bloorcourt Village
70335,Noble Group,Scarborough
41611,Lopez-Wilkinson,Art Gallery of Ontario
3505,Cox Ltd,Toronto Islands
81394,Alvarez and Sons,Toronto Zoo
75131,"Green, Jordan and Johnson",Moss Park
13578,Kelly-Gonzalez,East York
14878,Schneider Inc,Rogers Centre
5826,"Ward, Hansen and Phillips",Rogers Centre
23774,"Anderson, Duffy and Lopez",Art Gallery of Ontario
43352,Martinez PLC,Etobicoke
82099,King-Decker,CN Tower
81399,Thornton LLC,East York
17451,"Fuller, Cook and Bell",Corktown
60765,"Ruiz, Walker and Allen",Rogers Centre
49128,Sandoval PLC,Scarborough
32461,Shelton-Smith,Etobicoke
30686,Sanders and Sons,The Beaches
95152,Mills Ltd,Moss Park
91149,Ferguson LLC,Toronto Islands
92189,Hopkins Group,New Toronto
419,Henderson-Kelley,East York
83762,"Frazier, Randall and Powell",Toronto Islands
97799,Carney-Edwards,Rogers Centre
12310,Lin-Oneill,Toronto Islands
66812,Price-Brown,Toronto Zoo
88818,"Lowe, Bailey and Hodges",Parkwoods
59886,"Cummings, Bishop and Glover",Corktown
1969,"Russell, Middleton and Fowler",Little Canada
21158,Mccann-Fuller,Kensington Market
30583,Choi-Dean,Rogers Centre
4675,Newton LLC,New Toronto
85706,Ryan-Mata,Art Gallery of Ontario
44589,Johnson-Carlson,The Beaches
81294,Kaufman-Mcdonald,CN Tower
47657,Mccarty-Robbins,Royal Ontario Museum
40855,"Calderon, Livingston and Padilla",Kensington Market
68004,Miller-King,Casa Loma
3997,"Nunez, Carlson and Moore",Bloordale Village
93410,Cummings-Hamilton,The Beaches
91246,"Werner, Miller and Cook",Bloorcourt Village
55202,Beard Inc,Corktown
30474,Middleton-Parrish,Hockey Hall of Fame
20756,Poole and Sons,Little Canada
98556,Flores Ltd,Etobicoke
86813,Smith LLC,Art Gallery of Ontario
4045,Patterson-Hernandez,Kensington Market
21616,Davis-Sanchez,The Beaches
16918,"Baker, Green and Meadows",Royal Ontario Museum
97974,Smith Ltd,Moss Park
83961,Richardson-Brown,Casa Loma
36163,Fernandez LLC,Little Canada
16616,Salinas-Moore,New Toronto
49809,Bell Ltd,Distillery District
14684,Hudson-Ibarra,Casa Loma
6956,"Jones, Reynolds and Mcpherson",Steam Whistle Brewery
57380,Little and Sons,Parkwoods
95378,"Potter, Lutz and Brown",Etobicoke
47609,"Smith, Bush and Curry",Scarborough
92979,Mata-Weeks,Art Gallery of Ontario
13556,Jackson-Moody,The Beaches
10552,"Molina, Myers and Underwood",Etobicoke
10650,Barker-Mayo,East York
64029,Lee Group,Toronto Islands
89690,"Anderson, Gibson and Watson",Toronto Zoo
47387,Gonzales-Stone,Birch Cliff
3188,"Parker, Adams and Tanner",Scarborough
80036,Fuentes PLC,New Toronto
2888,King-Stone,Bayview Village
78253,Horn and Sons,Bayview Village
93234,Daniels and Sons,Toronto Islands
40366,Hill-Bryan,Etobicoke
4751,"Harrington, Perez and Morris",Toronto Zoo
40251,Brown Group,Corktown
87961,"Brown, Wood and Cole",Art Gallery of Ontario
79842,Shannon Group,The Beaches
63455,Randall Inc,Toronto Zoo
19160,"Lee, Perez and Nicholson",Birch Cliff
56587,"Stewart, Williamson and Little",Parkwoods
7588,Lee-Neal,Hockey Hall of Fame
18038,Reese PLC,East York
3339,"Mckenzie, Powers and Gordon",New Toronto
31685,Mcbride-Kelley,Bayview Village
22287,"Williams, Fisher and Woods",Little Canada
17866,Woods-Nelson,Bayview Village
81604,Brown Group,Rogers Centre
94206,Adams and Sons,Royal Ontario Museum
81829,"Ferrell, Hansen and Waters",CN Tower
3055,Snyder-Baker,Royal Ontario Museum
53817,Foster-Reed,Birch Cliff
67299,"Peterson, Montgomery and Anderson",Hockey Hall of Fame
25330,"Powell, Hicks and Bishop",The Beaches
518,Sullivan LLC,Toronto Islands
3047,Turner LLC,Birch Cliff
32838,Martin LLC,Moss Park
61514,Rodriguez-Cantu,Casa Loma
30924,Daniel-Pham,Royal Ontario Museum
33745,"Rodriguez, Ramos and Vasquez",Toronto Islands
